0,1,2,3,4,outcome,date,last_market_date,symbol
4.147569323459399,4.153399325003416,4.138361447638875,4.127295662361787,4.105778939847764,-1,2017-08-18,2017-08-11,SCG
3.8394523125933104,3.8495091000389037,3.8400972658565573,3.8044377947482086,3.799078246412012,-1,2017-08-18,2017-08-11,BWA
3.2371085931292605,3.2311995745570328,3.2311995745570328,3.2100368762009963,3.212455257065278,-1,2017-08-18,2017-08-11,PHM
5.334842141230409,5.329961371882498,5.330203555410359,5.328992050815955,5.327779076697656,-1,2017-08-18,2017-08-11,MMM
4.828073708497692,4.826391891739602,4.837788707664819,4.8218126509599415,4.814295945534097,-1,2017-08-18,2017-08-11,CME
5.827326660747656,5.810062567373411,5.812965674537693,5.776568144381849,5.788154259875543,-1,2017-08-18,2017-08-11,CMG
2.663052835171474,2.65605490598383,2.6511270537025893,2.615934912194404,2.5974910105351463,-1,2017-08-18,2017-08-11,NWSA
4.6491870714048655,4.651385609785055,4.651481088851342,4.6210435351443815,4.636475035816504,-1,2017-08-18,2017-08-11,SWKS
4.932817886382919,4.931447776199235,4.942998645380444,4.933394213752808,4.930075786237839,-1,2017-08-18,2017-08-11,AON
4.336113577659475,4.339771321776768,4.34575157880917,4.325191697921343,4.324000197151533,-1,2017-08-18,2017-08-11,DG
4.610456190417329,4.615714399863762,4.642176911617187,4.621928969803046,4.6016640466588035,-1,2017-08-18,2017-08-11,EL
2.6993457604720636,2.698673039289613,2.6864860231863696,2.6602595372658615,2.644044871126298,-1,2017-08-18,2017-08-11,RF
3.8104331496665127,3.8205653949393112,3.8210036070409776,3.805995600782616,3.8019849002192085,-1,2017-08-18,2017-08-11,COP
4.8647613782733465,4.908085639080461,4.923987487370583,4.907198852146794,4.897989042545024,-1,2017-08-18,2017-08-11,PXD
4.393213824064446,4.390490713086011,4.396792086874355,4.366786085257597,4.3651347670036635,-1,2017-08-18,2017-08-11,TEL
3.4346321577483927,3.4173987610001633,3.421979920844684,3.4028626609812167,3.403860499081639,-1,2017-08-18,2017-08-11,WMB
3.792563565390818,3.788951007838152,3.7864597824528,3.7773481021015445,3.7736800558064014,-1,2017-08-18,2017-08-11,APC
4.380901001386372,4.378896741664954,4.386143150185721,4.377265317572172,4.3694478524670215,-1,2017-08-18,2017-08-11,CINF
4.250065437218876,4.237289838207198,4.234686046775173,4.230476736546681,4.231349083214389,-1,2017-08-18,2017-08-11,K
4.303659605599776,4.308649164869106,4.300545392805998,4.27332721775054,4.268297869345539,-1,2017-08-18,2017-08-11,LNC
5.250229455740982,5.257391199935391,5.261912684654237,5.2455493010093805,5.244019563140188,-1,2017-08-18,2017-08-11,ANTM
3.460723360976182,3.4553698605505483,3.453789831781326,3.4339872044851463,3.4490347110763153,-1,2017-08-18,2017-08-11,CSCO
5.272845700574368,5.271357184965254,5.27499756122642,5.271408549990819,5.276327348656421,-1,2017-08-18,2017-08-11,STZ
4.59390699370938,4.585681509404229,4.581901559048737,4.563827222453709,4.5884308619837935,-1,2017-08-18,2017-08-11,RHT
4.858260813670253,4.856317933711899,4.868687631440574,4.86514698734765,4.853435526076081,-1,2017-08-18,2017-08-11,TRV
3.0032042883926917,2.9831534913471307,2.9831534913471307,2.9647574692545606,2.9481164196123277,-1,2017-08-18,2017-08-11,KMI
3.0184717605234805,3.018960399673198,3.0204248861443626,3.0184717605234805,2.995232148512309,-1,2017-08-18,2017-08-11,KIM
4.821007108786528,4.822697998516666,4.82116826914143,4.800983649630345,4.819313355105002,-1,2017-08-18,2017-08-11,PVH
4.3678009274099,4.350148895775859,4.418599614904722,4.397776944765114,4.4073288175361,-1,2017-08-18,2017-08-11,DXC
4.018722624087202,3.998567606828332,3.984157603187345,3.9716117968398037,3.9736823858148735,-1,2017-08-18,2017-08-11,SBUX
4.956742131750921,4.94847616218787,4.944068049824143,4.929425238670713,4.9355524879719,-1,2017-08-18,2017-08-11,SWK
3.591542221224979,3.5984075509498608,3.602231647388264,3.5745903077118086,3.5726264972896864,-1,2017-08-18,2017-08-11,PWR
3.8922283780999667,3.8907993689765195,3.8817699622571253,3.872033997211783,3.8803259186848913,-1,2017-08-18,2017-08-11,BF.B
4.040416220196545,4.0439280763080845,4.034594557816327,4.027670428954108,4.03512520256213,-1,2017-08-18,2017-08-11,DVA
4.095011006765261,4.089499510558901,4.090001812787964,4.063713518668578,4.0683427596831,-1,2017-08-18,2017-08-11,DISH
3.9178062501838733,3.906004933102583,3.9104217240611723,3.9035875266070446,3.9043939782636548,-1,2017-08-18,2017-08-11,CHD
4.265773677849632,4.269277781231888,4.276943858220729,4.254761283628006,4.257454983420831,-1,2017-08-18,2017-08-11,ABBV
3.563882963939251,3.566429294357372,3.5633162311385904,3.551913599040779,3.5533460588187404,-1,2017-08-18,2017-08-11,GM
2.869601996409779,2.869601996409779,2.8701690505786455,2.840247370713596,2.8507065015037334,-1,2017-08-18,2017-08-11,HPE
4.3556826593342794,4.35619587463936,4.354655437877749,4.354398467556408,4.348857573282368,-1,2017-08-18,2017-08-11,D
6.899995247670674,6.897543313905721,6.889601491602005,6.863719793392381,6.875221756644704,-1,2017-08-18,2017-08-11,AMZN
4.9924713234685845,4.98257869631373,4.985317486111966,4.976871663943447,4.973971309724664,-1,2017-08-18,2017-08-11,APD
4.078553876315777,4.0239220979255546,4.018542848805819,4.002594703612533,3.9970991777832654,-1,2017-08-18,2017-08-11,EXPD
6.152945438030085,6.1520516117559305,6.161397177089122,6.131400387405499,6.145450927724578,-1,2017-08-18,2017-08-11,REGN
4.219507705176107,4.216414691442874,4.203647297112551,4.192680462942962,4.191924890560965,-1,2017-08-18,2017-08-11,VLO
4.362716386139382,4.340553386467307,4.333623895445714,4.3130784050476105,4.312274546483423,-1,2017-08-18,2017-08-11,CTXS
4.660131744062066,4.6549122778829055,4.656338472562491,4.6568134191399295,4.65586330030361,-1,2017-08-18,2017-08-11,HSY
4.6166045636137545,4.605470140997089,4.612840692292311,4.612245099660053,4.613634264400221,-1,2017-08-18,2017-08-11,CCI
3.542696943935855,3.5536323047059106,3.555919326857706,3.5467396869528134,3.534853766474829,-1,2017-08-18,2017-08-11,BHGE
2.961140828784372,2.961140828784372,2.961140828784372,2.9391619220655967,2.9391619220655967,-1,2017-08-18,2017-08-11,HPQ
3.4756862336528944,3.472587377748828,3.482777368654578,3.467297183366679,3.4654233539614268,-1,2017-08-18,2017-08-11,CA
5.23877965383184,5.239363223704366,5.243174567050828,5.242011530336942,5.239151055878821,-1,2017-08-18,2017-08-11,AVB
4.197953544841121,4.181897459229962,4.181897459229962,4.165113633110308,4.156223299267966,-1,2017-08-18,2017-08-11,SLB
5.063923264460972,5.058980915026537,5.061011501421323,5.052416828111211,5.051201255842917,-1,2017-08-18,2017-08-11,LH
5.183972164763176,5.184812665751216,5.165071647400675,5.145981705244338,5.1430660812767455,-1,2017-08-18,2017-08-11,WHR
3.7697679578472747,3.7534960971999087,3.753261713043204,3.719408659148759,3.7106409458954492,-1,2017-08-18,2017-08-11,LB
4.024815832903268,4.026244149518169,4.029628247502409,4.020518601581445,4.0260657214688065,-1,2017-08-18,2017-08-11,HIG
4.104459895963194,4.087655574071304,4.089164502180559,4.058544658090914,4.038126882223872,-1,2017-08-18,2017-08-11,MAC
4.178379291165174,4.164336934042136,4.1568497675734974,4.141387168555412,4.148043294556035,-1,2017-08-18,2017-08-11,FBHS
4.775081722705364,4.7722934990241495,4.763881877142913,4.760120545985914,4.761233321619679,-1,2017-08-18,2017-08-11,UTX
4.619960271460727,4.617888958395866,4.614823443016229,4.600057136601269,4.606069781230928,-1,2017-08-18,2017-08-11,V
4.234686046775173,4.232365860119475,4.225811324964407,4.20797082229696,4.2017030805426,-1,2017-08-18,2017-08-11,C
4.024279687773814,4.008060193625088,4.005695481290781,4.0033251638349325,3.99341864363214,-1,2017-08-18,2017-08-11,PAYX
4.715727176552735,4.713845202613747,4.699934762432514,4.664004971708984,4.6605102810212555,-1,2017-08-18,2017-08-11,PRU
3.5953926110204724,3.594843462187342,3.5997749790311153,3.5874002851640823,3.579901291544191,-1,2017-08-18,2017-08-11,INTC
4.966125954110298,4.95660140560377,4.95420602612954,4.954699661765953,4.954699661765953,-1,2017-08-18,2017-08-11,IBM
3.1063787936410545,3.0851158346886765,3.0828269804049246,3.0763901765714454,3.0754672415728446,-1,2017-08-18,2017-08-11,CTL
4.794301834710595,4.773984259423544,4.769667157869494,4.742407204293176,4.73795129722191,-1,2017-08-18,2017-08-11,VMC
3.8759812340808804,3.868906714354518,3.8649313978942956,3.849721979230767,3.8495091000389037,-1,2017-08-18,2017-08-11,LEG
3.4487168976301317,3.4493524235492026,3.4404180948154366,3.4154289639088797,3.410157123033627,-1,2017-08-18,2017-08-11,GT
3.781002742989742,3.8066624897703196,3.803323588504805,3.7848712197676626,3.788272197991971,-1,2017-08-18,2017-08-11,SEE
4.8672267108008995,4.882953426260625,4.885903169351665,4.850310035174197,4.841822087327094,-1,2017-08-18,2017-08-11,DE
4.2008044733232275,4.197803270590331,4.202600880991953,4.195847647552622,4.176078147248771,-1,2017-08-18,2017-08-11,REG
4.076010855533596,4.074311908471865,4.075841090657541,4.070905330488338,4.067658296959595,-1,2017-08-18,2017-08-11,AJG
5.499746864955492,5.49548648409001,5.491867315015168,5.480597255807245,5.4844649281755204,-1,2017-08-18,2017-08-11,COO
3.9043939782636548,3.914819092730147,3.9259259105971376,3.908817874479198,3.917408477704484,-1,2017-08-18,2017-08-11,CSX
4.670302280925873,4.6654182663334485,4.66814498514948,4.659753063758383,4.664382045619937,-1,2017-08-18,2017-08-11,DGX
5.812307976457184,5.806639860095909,5.816158325207932,5.805255443586835,5.804773457796085,-1,2017-08-18,2017-08-11,SHW
4.37260741275739,4.363098624788363,4.3551691805039985,4.339119133662605,4.327174383125731,-1,2017-08-18,2017-08-11,VNO
4.061476958596484,4.061304708143901,4.053522567701846,4.0328237055738505,4.025173103360802,-1,2017-08-18,2017-08-11,STI
3.8199077165203406,3.8308129500026027,3.828641396489095,3.822973188594635,3.8188106237059674,-1,2017-08-18,2017-08-11,AIV
2.932792473780117,2.9128939952449864,2.8903717578961645,2.8758219768814333,2.8627721462977607,-1,2017-08-18,2017-08-11,MAT
5.043102484233757,5.0384449947355225,5.0447146077491185,5.028933522377631,5.0269022665601275,-1,2017-08-18,2017-08-11,SNA
4.454347296253507,4.444414407108697,4.434856248318414,4.428313668625195,4.436396441739405,-1,2017-08-18,2017-08-11,ALK
4.197803270590331,4.200954297280359,4.191622501686571,4.191320021345486,4.184032908485631,-1,2017-08-18,2017-08-11,CHRW
2.96424160646262,2.9601050959108397,2.9590682891823996,2.9396908826703663,2.9391619220655967,-1,2017-08-18,2017-08-11,WU
3.5409593240373143,3.5360196074696004,3.540089380528774,3.518980417318539,3.5210523434704344,-1,2017-08-18,2017-08-11,LKQ
3.923556241241819,3.912023005428146,3.899950424193877,3.882594194737334,3.8784662218993033,-1,2017-08-18,2017-08-11,AAL
5.476338021040286,5.461498576689563,5.4486321272069045,5.403622880693308,5.405556117217635,-1,2017-08-18,2017-08-11,ADS
5.162383089307204,5.157272101065921,5.1564657423077955,5.130549390761593,5.132439862170015,-1,2017-08-18,2017-08-11,AMGN
4.988594163219376,4.984565066363071,4.977974351856695,4.9691881041820825,4.971062518976432,-1,2017-08-18,2017-08-11,SYK
4.362971228138722,4.358374106008653,4.3556826593342794,4.354269957628839,4.374120463102784,-1,2017-08-18,2017-08-11,HCA
3.716251400909787,3.7191661467188086,3.717223927123079,3.6926224403927708,3.6906279246480533,-1,2017-08-18,2017-08-11,ETFC
2.997730276216664,2.990719731730447,2.9887076586170265,2.968361076757859,2.969388298214389,-1,2017-08-18,2017-08-11,COTY
5.287054174269326,5.2807642073004475,5.267239410977175,5.220788164038799,5.224078616612505,-1,2017-08-18,2017-08-11,AYI
3.872450230308323,3.867234822638012,3.86702563949741,3.856933039110186,3.861571461932048,-1,2017-08-18,2017-08-11,HOG
3.974809993526911,3.9749978045895347,3.9742463486082777,3.9749978045895347,3.9817356178394463,-1,2017-08-18,2017-08-11,CPB
3.7333746940004877,3.7340917969354845,3.7340917969354845,3.733613785454107,3.7316994512968646,-1,2017-08-18,2017-08-11,WFM
4.634923144137439,4.619368905387905,4.605170185988092,4.583129055111211,4.5803650670691205,-1,2017-08-18,2017-08-11,HAS
5.51897783756844,5.5172922409900265,5.520180097962524,5.506996815251424,5.503011774193717,-1,2017-08-18,2017-08-11,MHK
4.828153724500936,4.82374330878754,4.826391891739602,4.809823847988456,4.811777768662202,-1,2017-08-18,2017-08-11,ANSS
5.090000849476996,5.085371640210273,5.081528580871835,5.048316361063944,5.056373185770109,-1,2017-08-18,2017-08-11,PH
4.225226615110005,4.216414691442874,4.205587741038083,4.178072777752813,4.187683102652602,-1,2017-08-18,2017-08-11,UAL
4.991044644331252,4.992810709183703,4.99206390851082,4.995318589984363,4.991656327498453,-1,2017-08-18,2017-08-11,NEE
3.193352867637115,3.201526186533088,3.2120525995200753,3.201933104137889,3.2031528644029645,-1,2017-08-18,2017-08-11,COG
4.384024637336554,4.3815265096322,4.384648195378833,4.36906803350949,4.35939751661352,-1,2017-08-18,2017-08-11,XOM
2.390595970316759,2.387844936944869,2.390595970316759,2.3767644911682972,2.3767644911682972,-1,2017-08-18,2017-08-11,F
4.5269924049240675,4.541804310366271,4.6137334166485795,4.5827200571505,4.5800574851730165,-1,2017-08-18,2017-08-11,XEC
5.075361297657899,5.074048181946317,5.071416766356115,5.048765669457524,5.047609896887617,-1,2017-08-18,2017-08-11,CMI
4.893427093190715,4.887261660126628,4.888467660122048,4.883104906984992,4.8629083820668,-1,2017-08-18,2017-08-11,FRT
4.296468746312235,4.294151248171873,4.302712827954156,4.286341384539473,4.282206299391671,-1,2017-08-18,2017-08-11,GILD
5.303702838824375,5.301711599616052,5.30270771484933,5.301562096712925,5.291443797604864,-1,2017-08-18,2017-08-11,PSA
3.7630588522881876,3.7362400254737738,3.746676552840153,3.7177098357818132,3.708436953329467,-1,2017-08-18,2017-08-11,NLSN
3.882182163417125,3.887115369721961,3.8776385785663154,3.844600329110712,3.846096855311979,-1,2017-08-18,2017-08-11,MET
4.511518629906636,4.503248196262708,4.503358919841406,4.504023003983134,4.504023003983134,-1,2017-08-18,2017-08-11,DPS
4.844738115716443,4.8338981155962015,4.839688795323807,4.8342958089798485,4.824948079825999,-1,2017-08-18,2017-08-11,COL
5.016948656152848,4.999102378282531,5.0157554967908276,4.999506936308412,4.999978713907727,-1,2017-08-18,2017-08-11,SPGI
4.37020705786854,4.364244464878084,4.367166771766858,4.355810987855469,4.353498551059343,-1,2017-08-18,2017-08-11,OMC
5.465779060434968,5.4637470556717735,5.457498230900349,5.434420449540377,5.436077306252522,-1,2017-08-18,2017-08-11,ROP
4.865069877427421,4.86081964885856,4.86460709299957,4.853903508301298,4.853591544486569,-1,2017-08-18,2017-08-11,ACN
3.358289880650879,3.3690184832979204,3.369362658142137,3.3717685709713434,3.361069590571376,-1,2017-08-18,2017-08-11,CNP
4.7879083226672625,4.775925106410581,4.776009405673012,4.75711844226015,4.7691580360935415,-1,2017-08-18,2017-08-11,FFIV
3.070375816549757,3.0516399054922867,3.051166980442092,3.0339909856710814,3.028683373693677,-1,2017-08-18,2017-08-11,IPG
4.413040688203051,4.405376883282097,4.400971050674819,4.389250479763201,4.38974675768902,-1,2017-08-18,2017-08-11,VRSK
4.466137977292534,4.456206032848133,4.4596818792394854,4.453067407778134,4.459797532972339,-1,2017-08-18,2017-08-11,KHC
4.498141613229568,4.507116245512703,4.505349850705881,4.502029427068578,4.504244267398131,-1,2017-08-18,2017-08-11,TAP
5.097546666085552,5.102119984218434,5.093750200806762,5.067141643536563,5.053694783556702,-1,2017-08-18,2017-08-11,MTB
5.287458623213161,5.281323790171466,5.287458623213161,5.289377524978562,5.300115748489416,-1,2017-08-18,2017-08-11,BDX
3.9945242269398897,3.9887988442301956,3.977997994351679,3.955274047422461,3.962525987601253,-1,2017-08-18,2017-08-11,IP
3.5109482456212744,3.49620448524049,3.484312288372662,3.4515735889872223,3.4747575847701837,-1,2017-08-18,2017-08-11,STX
4.268157803514369,4.267597343922845,4.262116338001324,4.267737488271754,4.256463411698536,-1,2017-08-18,2017-08-11,AEP
5.0001808361923965,4.995927665223982,4.999574346736831,4.976181866026876,4.986820629330216,-1,2017-08-18,2017-08-11,ADBE
4.523526196947581,4.514369821661595,4.5134933974161875,4.492449315923973,4.503026712319388,-1,2017-08-18,2017-08-11,TIF
3.961574784257394,3.9648051908671156,3.9663217788355247,3.9502817175452365,3.9500892062346025,-1,2017-08-18,2017-08-11,WFC
3.926911617921897,3.9182038645032273,3.905401129119259,3.892636291627956,3.901568547524287,-1,2017-08-18,2017-08-11,DAL
4.227563406008323,4.21803603456465,4.2078220459818745,4.177612831405111,4.171459912439625,-1,2017-08-18,2017-08-11,PCAR
4.058371901763283,4.073120925770474,4.058199115585747,4.018902367055242,4.019082077721554,-1,2017-08-18,2017-08-11,TGT
4.058026299547989,4.0526541351678915,4.045504396802627,4.034948352265444,4.014037930834876,-1,2017-08-18,2017-08-11,NUE
3.339321977944068,3.333275365176697,3.32862668882732,3.327909585892323,3.339676525013905,-1,2017-08-18,2017-08-11,FOXA
3.3628029936748436,3.3495531485098167,3.353406717825807,3.326473835466219,3.342508385313476,-1,2017-08-18,2017-08-11,SYMC
4.317354771313298,4.3067641501733345,4.318421011584911,4.3222766302681075,4.324927042633309,-1,2017-08-18,2017-08-11,YUM
3.594843462187342,3.590439381300684,3.5937442589988975,3.580458705159516,3.586015818654697,-1,2017-08-18,2017-08-11,DHI
3.8207845249938748,3.8199077165203406,3.8196883942253503,3.822973188594635,3.8196883942253503,-1,2017-08-18,2017-08-11,KO
7.621998367836816,7.6251071482389,7.55318172333067,7.522735491568386,7.525192435557579,-1,2017-08-18,2017-08-11,PCLN
3.6141559079179997,3.6157709822932977,3.6457109587125576,3.6331024386449378,3.6144252681889886,-1,2017-08-18,2017-08-11,IRM
4.18950321539533,4.1802164012960645,4.179145163914566,4.170842533194826,4.163715140146772,-1,2017-08-18,2017-08-11,MO
4.21227573505378,4.198254025612612,4.195245147157833,4.341725337900356,4.362971228138722,-1,2017-08-18,2017-08-11,PRGO
3.3068867021909143,3.3013770463799443,3.3017453026904953,3.2910104226273997,3.2741212990941793,-1,2017-08-18,2017-08-11,FTI
3.565298392342582,3.5650154668915506,3.5562048372093953,3.5177945292459696,3.508256453955563,-1,2017-08-18,2017-08-11,CFG
4.090838422892813,4.085303817569952,4.092676505121403,4.078723181319144,4.077028840012413,-1,2017-08-18,2017-08-11,NKE
3.6171148878846253,3.8122026701459353,3.8238473145244205,3.810211739281461,3.79974976294536,-1,2017-08-18,2017-08-11,KORS
3.643358938812127,3.6430972614588084,3.629660094453965,3.630720539940404,3.624340932976365,-1,2017-08-18,2017-08-11,EXC
4.545844719903276,4.545526333060576,4.550714000192032,4.544995462952021,4.5427627258594745,-1,2017-08-18,2017-08-11,ALL
5.2962151584561665,5.286295391320711,5.294459936220732,5.271203074056465,5.269145989247757,-1,2017-08-18,2017-08-11,ILMN
5.765002997319826,5.762617260377094,5.764030555001558,5.765598543280663,5.767539440458952,-1,2017-08-18,2017-08-11,BCR
4.598346960639966,4.592388851623358,4.602867536925416,4.582310891842009,4.58445714439055,-1,2017-08-18,2017-08-11,VRSN
5.200318575665935,5.183803979759276,5.169233213136499,5.130726774354076,5.1440000061636795,-1,2017-08-18,2017-08-11,NFLX
4.135326543943721,4.116269119637892,4.1170840491915905,4.097838451476356,4.106602459617603,-1,2017-08-18,2017-08-11,ATVI
5.0559272832879625,5.061011501421323,5.05535368778452,5.0539501787822,5.054014017398201,-1,2017-08-18,2017-08-11,COST
5.596865192310124,5.597755070010671,5.609838028479659,5.6004569240887445,5.595751730442496,-1,2017-08-18,2017-08-11,NOC
3.774827766250301,3.776203282285611,3.774827766250301,3.752558230777119,3.755369195382769,-1,2017-08-18,2017-08-11,BEN
4.4173937785111725,4.4173937785111725,4.4057431612911975,4.380149874661021,4.373868446972418,-1,2017-08-18,2017-08-11,RJF
3.548467300397191,3.544142657647253,3.5429862539335333,3.5127387563950627,3.5260663637080247,-1,2017-08-18,2017-08-11,IVZ
3.159550358783386,3.1578511230304263,3.136797713832594,3.028683373693677,3.026261478588814,-1,2017-08-18,2017-08-11,M
3.6790816116338254,3.686877451443263,3.7045067099996354,3.706964921660321,3.716251400909787,-1,2017-08-18,2017-08-11,CMCSA
4.771531723203316,4.765416535130188,4.747624153783025,4.715100245360287,4.714383270961408,-1,2017-08-18,2017-08-11,URI
4.53838915229774,4.536891345234797,4.53141599739943,4.521027417875663,4.532814523795951,-1,2017-08-18,2017-08-11,AVY
3.8218794555751803,3.8236288546655506,3.816392774412896,3.820126990723609,3.818371449346691,-1,2017-08-18,2017-08-11,PEG
4.812834550453841,4.748491005432314,4.728802746433367,4.709079649378603,4.6946451924156944,-1,2017-08-18,2017-08-11,ALB
3.8889590658295945,3.883623530906448,3.875773872753025,3.8716175907931074,3.872450230308323,-1,2017-08-18,2017-08-11,VZ
3.5313480661272005,3.5319332036512097,3.537765824444175,3.5281236752345424,3.5496173867804286,-1,2017-08-18,2017-08-11,CAG
4.95350040939126,4.951168335262708,4.946843161008476,4.923405711483329,4.929858984068968,-1,2017-08-18,2017-08-11,ITW
4.636281181013144,4.643236386794547,4.6434288981051814,4.626735963902652,4.63443768366866,-1,2017-08-18,2017-08-11,KSU
5.69423706181267,5.704115752446321,5.721032828062729,5.7145575478241595,5.716204994654758,-1,2017-08-18,2017-08-11,NYSE:LMT
4.400725712106366,4.395436321583799,4.397899983830172,4.378896741664954,4.390986376045354,-1,2017-08-18,2017-08-11,WBA
4.489983776178974,4.485598050847247,4.490881039585964,4.472780997942346,4.468089645439724,-1,2017-08-18,2017-08-11,LYB
3.7812307151781224,3.7896293572140793,3.782597457987688,3.7709201644501458,3.770689829311502,-1,2017-08-18,2017-08-11,RHI
3.217274543501227,3.214867803470662,3.208421366964342,3.1830413718589847,3.17220341666977,-1,2017-08-18,2017-08-11,BAC
5.182008244147654,5.172924197139975,5.182120572145525,5.172527360489737,5.1667269461604395,-1,2017-08-18,2017-08-11,BRK.B
4.4041549867468825,4.395929539842873,4.398514952178684,4.392100720245356,4.394078715698023,-1,2017-08-18,2017-08-11,DD
5.566472523691594,5.570974629731707,5.578445983344904,5.570365361215849,5.557368456200665,-1,2017-08-18,2017-08-11,ESS
4.64333264708244,4.6515765588022475,4.654150808209713,4.63463189613771,4.630252966355554,-1,2017-08-18,2017-08-11,AIZ
3.651177586929925,3.6470152500152375,3.6470152500152375,3.6425737012374246,3.6402142821326553,-1,2017-08-18,2017-08-11,T
4.408790271943096,4.412192049005608,4.4101280647847565,4.386516539946734,4.393090207029862,-1,2017-08-18,2017-08-11,TXN
5.052864298313966,5.032135825542258,5.027689048662084,5.00085428224115,5.035523009604034,-1,2017-08-18,2017-08-11,VRTX
4.1570063233468115,4.14962157771194,4.151039905898646,4.144879235596148,4.147253217877503,-1,2017-08-18,2017-08-11,DOW
4.008241863168689,4.017283516085639,3.9954446135672184,3.9659428474175766,3.9682142850778885,-1,2017-08-18,2017-08-11,EVHC
3.8605191625610304,3.8588331769140267,3.8475911452687575,3.803769419987892,3.8044377947482086,-1,2017-08-18,2017-08-11,JWN
4.763199050213001,4.766353223579481,4.759863575664572,4.754107298762462,4.75022245768723,-1,2017-08-18,2017-08-11,SRE
3.7480913137457823,3.743367639398006,3.7492687541267204,3.740522687265775,3.7198935076431057,-1,2017-08-18,2017-08-11,ADM
3.3530570063342204,3.3617633124167483,3.3527071725017215,3.3138223021771545,3.332561589272017,-1,2017-08-18,2017-08-11,MU
5.271870716533053,5.272486606513515,5.2721273834577955,5.260459723991796,5.26279381047899,-1,2017-08-18,2017-08-11,UNH
3.5058576522055884,3.5049566159530077,3.5100517865742376,3.509154523167248,3.5040547671018634,-1,2017-08-18,2017-08-11,PFE
4.572233685741827,4.574195381688661,4.564556503102795,4.53945764262271,4.535927283245931,-1,2017-08-18,2017-08-11,GPN
3.8745288010005656,3.876395827784995,3.864721732310133,3.8433158074183553,3.8353579204926604,-1,2017-08-18,2017-08-11,BBT
4.917422912374077,4.9139775400548205,4.918666193332852,4.90645926184609,4.91705694713669,-1,2017-08-18,2017-08-11,INTU
4.889295942237095,4.884845288037956,4.892076957972121,4.891025591098464,4.891100725401066,-1,2017-08-18,2017-08-11,JNJ
3.9646154555473165,3.956805148200039,3.9659428474175766,3.9577608971019997,3.9649948901942516,-1,2017-08-18,2017-08-11,QCOM
4.423288532422522,4.421127148295796,4.421006934314765,4.417031743872572,4.416307281150715,-1,2017-08-18,2017-08-11,TROW
4.763796549270511,4.745279893972737,4.726148112540994,4.701661486176852,4.715816706075155,-1,2017-08-18,2017-08-11,ZBH
3.6430972614588084,3.627801604605346,3.616308761279101,3.5959414584546674,3.6025042383671906,-1,2017-08-18,2017-08-11,MAS
4.369194655858504,4.372859746849064,4.372355014977151,4.362461479179042,4.358758007734528,-1,2017-08-18,2017-08-11,TMK
4.39974375547904,4.385395952143486,4.3848975097655645,4.373112017284307,4.379774099620588,-1,2017-08-18,2017-08-11,DHR
3.4613513044819024,3.4515735889872223,3.4496700351129332,3.418054498728578,3.420673158162812,-1,2017-08-18,2017-08-11,MGM
2.6775909936175015,2.6727683869575705,2.649714624089247,2.617395832834079,2.615934912194404,-1,2017-08-18,2017-08-11,NAVI
4.2426208788567585,4.252487263318897,4.262820712194002,4.248638088989106,4.257171777528256,-1,2017-08-18,2017-08-11,CTSH
4.047427642434349,4.03512520256213,4.033355290595671,4.029628247502409,4.028738805124107,-1,2017-08-18,2017-08-11,LVLT
3.487986511734546,3.480008562086445,3.4790839203192268,3.469478889078561,3.472587377748828,-1,2017-08-18,2017-08-11,WY
4.169761201506855,4.165734558308774,4.164803025870662,4.160132302760104,4.158570534521372,-1,2017-08-18,2017-08-11,RSG
4.69519368863568,4.697019839617971,4.6929063002921785,4.675908200493433,4.677676876774839,-1,2017-08-18,2017-08-11,PKG
4.79231343306126,4.792645108022841,4.794384599039216,4.786574655719562,4.783734693904334,-1,2017-08-18,2017-08-11,ARE
3.326473835466219,3.321793358874887,3.3145495749364833,3.3130945001071823,3.326473835466219,-1,2017-08-18,2017-08-11,FOX
3.6694417602214613,3.656356262408376,3.6410013738694724,3.623540612805596,3.63705970538414,-1,2017-08-18,2017-08-11,PDCO
4.5693357329788755,4.563097409566184,4.566429357671661,4.57109620565434,4.582310891842009,-1,2017-08-18,2017-08-11,VAR
4.394078715698023,4.398637900479079,4.3943256902608985,4.371850028222321,4.380775852772229,-1,2017-08-18,2017-08-11,WDC
3.92395157629342,3.926911617921897,3.927108642846187,3.910822284851627,3.906004933102583,-1,2017-08-18,2017-08-11,UNM
4.444414407108697,4.448633328167864,4.444296960400006,4.419563238202607,4.416428061391214,-1,2017-08-18,2017-08-11,COF
4.014037930834876,4.003872659058025,4.001680877358681,3.9891692146047997,3.9915732841861553,-1,2017-08-18,2017-08-11,LUV
4.109397364848393,4.101485670373467,4.094844437263752,4.079907514424331,4.07567129695648,-1,2017-08-18,2017-08-11,EMR
4.20797082229696,4.2034978761186235,4.20200243692861,4.182508053051405,4.183575695950044,-1,2017-08-18,2017-08-11,FTV
3.7546671946519394,3.757005283161537,3.7360015611826713,3.676300671907076,3.654288009344317,-1,2017-08-18,2017-08-11,KSS
4.882801922586371,4.872904620630176,4.868149645799501,4.805004167866677,4.821087692210561,-1,2017-08-18,2017-08-11,INCY
4.174079530240954,4.167749906638376,4.159039321153912,4.143134726391533,4.137563681342077,-1,2017-08-18,2017-08-11,AIG
5.0561821090522265,5.0515852804252095,5.047160068778628,5.026639868237972,5.02486687634298,-1,2017-08-18,2017-08-11,AET
5.159112768827487,5.156869002963662,5.169176322224807,5.14300768200088,5.15652336093015,-1,2017-08-18,2017-08-11,ALGN
4.908971640319756,4.902678819257608,4.899405737409714,4.8973919384819045,4.9001505609209834,-1,2017-08-18,2017-08-11,CLX
3.659193143743576,3.659193143743576,3.653252276470785,3.657130755799356,3.6503984672956546,-1,2017-08-18,2017-08-11,PPL
4.34575157880917,4.341465022917759,4.341855469984605,4.326117440234365,4.3342796761761475,-1,2017-08-18,2017-08-11,SNPS
4.132603274339191,4.1175726883413075,4.0294504223041105,4.0163830207523885,4.013315256910018,-1,2017-08-18,2017-08-11,XRAY
4.155282860327181,4.128423875874963,4.116921116401006,4.110873864173311,4.115779842942166,-1,2017-08-18,2017-08-11,HLT
4.208268308540415,4.206928922969246,4.209902902856373,4.205885936955008,4.204394067366058,-1,2017-08-18,2017-08-11,EQR
4.665041583025482,4.643910014304022,4.618579872898009,4.600358628990869,4.599152113662528,-1,2017-08-18,2017-08-11,MAR
5.178125181219631,5.1589978262986245,5.154793356461994,5.145981705244338,5.154620191290849,-1,2017-08-18,2017-08-11,TMO
3.386422096080001,3.3881121421135,3.380314170745731,3.3738261848660236,3.3765631007037946,-1,2017-08-18,2017-08-11,HCP
4.186619838331271,4.159351723530711,4.162781723775329,4.142340760490356,4.157788734778635,-1,2017-08-18,2017-08-11,PKI
3.2748780149834857,3.271088696315135,3.2809112157876537,3.26804686887465,3.255014871484074,-1,2017-08-18,2017-08-11,NFX
3.6238074573702215,3.6060411758049318,3.607669398688393,3.573749146860305,3.5771095532709265,-1,2017-08-18,2017-08-11,CBG
3.4657359027997265,3.459151774922711,3.4682327829983137,3.4747575847701837,3.4301087251565754,-1,2017-08-18,2017-08-11,MYL
4.3992524153389505,4.398269010219746,4.402809173856411,4.398883751740304,4.390986376045354,-1,2017-08-18,2017-08-11,AWK
5.673357630842223,5.667325937645586,5.665526629201668,5.638888334738211,5.647846842325897,-1,2017-08-18,2017-08-11,BIIB
4.296332571463519,4.296741040391521,4.28317268312119,4.260000233663683,4.2514907510291575,-1,2017-08-18,2017-08-11,CMA
4.030694535145645,4.041471072615033,4.050044303325521,4.035832291154432,4.038303171338476,-1,2017-08-18,2017-08-11,BMY
3.8979240810486444,3.88936831486334,3.887115369721961,3.872450230308323,3.8823882002984553,-1,2017-08-18,2017-08-11,ABT
4.4526015873434845,4.453649378346849,4.450736132681027,4.437461341561982,4.434263234009391,-1,2017-08-18,2017-08-11,AXP
4.457365991219697,4.461299815568389,4.456670177669648,4.458871928370793,4.450852825603734,-1,2017-08-18,2017-08-11,DUK
4.629179638448443,4.626638092603332,4.627714150422986,4.624384404911896,4.623991940228679,-1,2017-08-18,2017-08-11,TWX
4.356708826689592,4.349503442968322,4.350019838538795,4.344843843546165,4.344065128386763,-1,2017-08-18,2017-08-11,MMC
4.395682961121367,4.397407736712184,4.4039104281738854,4.392224459650327,4.391357962102766,-1,2017-08-18,2017-08-11,AFL
3.089677886396519,3.0699116717282426,3.056827372913802,3.0257763949023677,3.012589390620414,-1,2017-08-18,2017-08-11,MOS
4.8209265188682835,4.816888719632834,4.814620410170298,4.808029393999594,4.810882695572622,-1,2017-08-18,2017-08-11,FISV
4.432600920636815,4.424247650107844,4.4246070822090005,4.410249593617622,4.416548827045609,-1,2017-08-18,2017-08-11,GPC
3.9047969603364066,3.893859034800475,3.893044038830343,3.8732821771117156,3.87618855241893,-1,2017-08-18,2017-08-11,ORCL
3.794814804522605,3.790533107840436,3.7993021353640275,3.7954891891721947,3.7934646693040106,-1,2017-08-18,2017-08-11,XL
3.983599203917368,3.985087576285151,3.989724513091998,3.9502817175452365,3.9548909056553216,-1,2017-08-18,2017-08-11,BK
2.6878474937846906,2.6720775406433925,2.6803363625346943,2.649714624089247,2.6361960973342264,-1,2017-08-18,2017-08-11,FCX
4.717248089393442,4.717516245819629,4.722152901473706,4.708809220747577,4.71348632947155,-1,2017-08-18,2017-08-11,UPS
4.799255609702288,4.79942031364732,4.800819202992908,4.7963688907196484,4.792810904259646,-1,2017-08-18,2017-08-11,KMB
3.4756862336528944,3.4738280726970627,3.4716558453107167,3.4766140209469096,3.4728976958273465,-1,2017-08-18,2017-08-11,CSRA
5.156235234613581,5.163642463221435,5.189060380611087,5.179646436830358,5.1893392039782915,-1,2017-08-18,2017-08-11,RTN
4.184337600748806,4.181439269073034,4.183880527532955,4.1713056033582285,4.173617743116608,-1,2017-08-18,2017-08-11,VTR
3.899950424193877,3.893044038830343,3.894469846180557,3.87618855241893,3.881151341761059,-1,2017-08-18,2017-08-11,TXT
4.19735231229633,4.193133532496888,4.18950321539533,4.1655793631505516,4.163870624870711,-1,2017-08-18,2017-08-11,PFG
5.323448907185641,5.313550747188626,5.314043067009519,5.284319856904183,5.292852461116969,-1,2017-08-18,2017-08-11,ORLY
3.8622023104441903,3.8676530576922055,3.8661884690843467,3.8520606642554633,3.8617817889913995,-1,2017-08-18,2017-08-11,COH
4.414009680526933,4.415461410760119,4.415582293202092,4.399498115585886,4.408425108528412,-1,2017-08-18,2017-08-11,CNC
4.934186121932849,4.932097009765773,4.9344739331306915,4.921731217990249,4.9169837380148005,-1,2017-08-18,2017-08-11,HON
3.6566144935266607,3.654546775033431,3.658935577740864,3.6584202466292277,3.6498787167642037,-1,2017-08-18,2017-08-11,UDR
4.435211888177536,4.428790938649766,4.43022138352355,4.419322419417578,4.427358444671965,-1,2017-08-18,2017-08-11,MDT
3.9378856649538734,3.927108642846187,3.9267145541711357,3.9160150266976834,3.912023005428146,-1,2017-08-18,2017-08-11,NYSE:NWL
4.317621437981545,4.3208159036289855,4.334017415487521,4.3296801543016725,4.324132656254979,-1,2017-08-18,2017-08-11,NDAQ
4.161691635681711,4.159351723530711,4.162781723775329,4.149936935645806,4.144086654116915,-1,2017-08-18,2017-08-11,TSS
4.059407992341204,4.067829456566345,4.06182137051654,4.06971028126374,4.059580569785761,-1,2017-08-18,2017-08-11,AEE
4.97996987978537,4.958429302625654,4.962424961791832,4.956249503569664,4.9512390841395995,-1,2017-08-18,2017-08-11,EFX
4.638024522859038,4.613832559066744,4.608265390895394,4.580877493419047,4.578107266438402,-1,2017-08-18,2017-08-11,WYN
4.920418786157677,4.907272781101103,4.909488112091298,4.8703765616746875,4.8722157835894295,-1,2017-08-18,2017-08-11,CELG
3.3755376348815775,3.3775875160230218,3.3796332037463146,3.3523572162426816,3.3666059368925363,-1,2017-08-18,2017-08-11,GLW
2.4069451083182885,2.431857428698185,2.4203681286504293,2.431857428698185,2.4069451083182885,-1,2017-08-18,2017-08-11,AES
4.127940511650616,4.132121926556131,4.122770036405805,4.130676491469491,4.124873767256924,-1,2017-08-18,2017-08-11,ES
3.683364273425826,3.6790816116338254,3.6750340472918834,3.660737148167656,3.6550641056192057,-1,2017-08-18,2017-08-11,JCI
3.6270040503958487,3.6299253112702656,3.628598523229006,3.6184569898173904,3.6219380483600547,-1,2017-08-18,2017-08-11,FLIR
5.481596797767104,5.4785534168509695,5.456645024927341,5.450523299437368,5.45907474542615,-1,2017-08-18,2017-08-11,BA
4.992403432501452,5.002603122398992,4.996874378846218,4.96835390183965,4.96535894922662,-1,2017-08-18,2017-08-11,AMP
4.005513348515485,3.9970991777832654,3.9701032165046706,3.955274047422461,3.9543159176183975,-1,2017-08-18,2017-08-11,MPC
6.851978263513138,6.850327417079614,6.845964978025686,6.828268250223805,6.8352813556585295,-1,2017-08-18,2017-08-11,GOOGL
4.627811916468916,4.623501142672815,4.622027303054514,4.605470140997089,4.59511985013459,-1,2017-08-18,2017-08-11,SLG
4.761831996001468,4.759692225424263,4.759006530702958,4.756860699228524,4.757977106231849,-1,2017-08-18,2017-08-11,PEP
3.8282065193350356,3.814189645079383,3.8146306594194965,3.810211739281461,3.8210036070409776,-1,2017-08-18,2017-08-11,INFO
4.515683019486556,4.5172129072289495,4.5209186335405,4.518958489169026,4.514588807756853,-1,2017-08-18,2017-08-11,PG
3.720378121173307,3.727378753264546,3.7259343620649474,3.728821061206884,3.72255598047332,-1,2017-08-18,2017-08-11,LNT
4.360802998222255,4.3465289823207245,4.361058328237685,4.343935283551159,4.347176357238135,-1,2017-08-18,2017-08-11,LOW
4.142181891636261,4.136925009757219,4.131800899266054,4.114800570789483,4.120337142496354,-1,2017-08-18,2017-08-11,VFC
4.273048472104136,4.272490747605575,4.270675991750506,4.27039650600246,4.26633516017769,-1,2017-08-18,2017-08-11,CL
4.4075725416416205,4.406353326664939,4.413646418429337,4.4073288175361,4.396299293960601,-1,2017-08-18,2017-08-11,LLY
6.834496177205219,6.831727002685596,6.827520886271531,6.810407023712235,6.818257176287817,-1,2017-08-18,2017-08-11,GOOG
3.8753590210565547,3.8803259186848913,3.8768102496724017,3.8844462376579116,3.8751515306522415,-1,2017-08-18,2017-08-11,XEL
3.702535780561422,3.6848714327163976,3.6666338451666167,3.654288009344317,3.659193143743576,-1,2017-08-18,2017-08-11,FLS
4.490881039585964,4.483906098495052,4.483115539980786,4.46579316951945,4.471410195808567,-1,2017-08-18,2017-08-11,MSI
4.550080219670131,4.55870731157775,4.572646994282532,4.571303116476514,4.566741159368309,-1,2017-08-18,2017-08-11,CBOE
5.450695046968919,5.446952865687185,5.442460999628096,5.418320158942733,5.412315470601449,-1,2017-08-18,2017-08-11,GS
5.531173596716039,5.526886174507311,5.51813539443367,5.48359288941835,5.49786470400706,-1,2017-08-18,2017-08-11,AVGO
3.1363634032937364,3.1363634032937364,3.1086144306106633,3.0878555624297968,3.0851158346886765,-1,2017-08-18,2017-08-11,DISCK
3.9991177122790798,3.996364153861897,3.9895394478559743,3.9804290380922063,3.9830404926634264,-1,2017-08-18,2017-08-11,AOS
4.095011006765261,4.091674333666222,4.089499510558901,4.07719840338713,4.079569276639947,-1,2017-08-18,2017-08-11,XYL
4.428074948165718,4.4046439245392905,4.397899983830172,4.413161863604593,4.422928625994308,-1,2017-08-18,2017-08-11,DRI
4.7526414653463,4.763967197735089,4.766097850094374,4.7487509144656155,4.758406161886949,-1,2017-08-18,2017-08-11,NSC
6.36581731352352,6.35470042099841,6.355360854127493,6.347826942208415,6.35884696094034,-1,2017-08-18,2017-08-11,MTD
3.5865698352893665,3.5934692693092782,3.585738695194423,3.5550623063795967,3.5567756134805992,-1,2017-08-18,2017-08-11,EBAY
6.0963424463252265,6.090245967905382,6.104369035313258,6.08559220983268,6.08310892515467,-1,2017-08-18,2017-08-11,EQIX
4.443474446987793,4.442886522930644,4.436633184164753,4.426521874560433,4.424127810692517,-1,2017-08-18,2017-08-11,PSX
4.480626850913491,4.4862740310442355,4.4913293695643315,4.468204330914934,4.46763077196603,-1,2017-08-18,2017-08-11,NTRS
4.406597288608086,4.3990066547085656,4.38937457233642,4.368434681154414,4.372985890021733,-1,2017-08-18,2017-08-11,ALLE
3.193352867637115,3.1834558796369405,3.1755507001298273,3.1599747169480397,3.1565747986708215,-1,2017-08-18,2017-08-11,KR
3.2969473602883563,3.3123661679555396,3.301008654406723,3.2726061472891685,3.2623183827110376,-1,2017-08-18,2017-08-11,FITB
4.045854353061666,4.0353020215883175,4.027848570933736,4.011506283913096,4.018363041199472,-1,2017-08-18,2017-08-11,WRK
4.108740442505833,4.096675177560383,4.088996955895506,4.070222620101691,4.083115080270552,-1,2017-08-18,2017-08-11,A
3.1986731175506815,3.188416617383492,3.1917101567954314,3.194173212227829,3.2055879305412653,-1,2017-08-18,2017-08-11,NRG
4.187075661479786,4.172385267224964,4.177919485808005,4.157788734778635,4.165424143903053,-1,2017-08-18,2017-08-11,KMX
4.303929948937459,4.2903224454635405,4.292375412721235,4.271793154274181,4.2694176902912275,-1,2017-08-18,2017-08-11,ETN
4.754968551076486,4.770006428441026,4.777609742927595,4.754365752349944,4.748491005432314,-1,2017-08-18,2017-08-11,CXO
4.4961362649639565,4.512506501124672,4.503691017038237,4.489983776178974,4.483341477622957,-1,2017-08-18,2017-08-11,EOG
4.166975253257008,4.185098925490565,4.17975744007023,4.1925293941308315,4.200354866721424,-1,2017-08-18,2017-08-11,CBS
4.655292795391302,4.638604962074329,4.638314784580394,4.618382517460226,4.612443669954589,-1,2017-08-18,2017-08-11,PPG
4.698478363121743,4.703657132702745,4.708538718965125,4.7014798661255,4.693455750855452,-1,2017-08-18,2017-08-11,CVX
4.124388683570477,4.0943445622221,4.107754249132018,4.090001812787964,4.089834406744215,-1,2017-08-18,2017-08-11,ZTS
3.6643305811925235,3.6625354787743345,3.6462328793924637,3.6214032889890224,3.6428355156125294,-1,2017-08-18,2017-08-11,HOLX
3.24376354037598,3.241028629509334,3.246880021277798,3.2308043957334744,3.2268439945173775,-1,2017-08-18,2017-08-11,GE
3.864302269216734,3.8636727444870993,3.872033997211783,3.8651410195280156,3.8550292839080256,-1,2017-08-18,2017-08-11,PGR
5.581953766291067,5.584210339515356,5.593669945304037,5.595825999817554,5.5799939420479,-1,2017-08-18,2017-08-11,RE
4.161847435323687,4.155753190350744,4.151984341668515,4.138999202762532,4.136445738240736,-1,2017-08-18,2017-08-11,AME
5.173774031473436,5.182794275292498,5.2025220690931695,5.211069597983756,5.212922863531088,-1,2017-08-18,2017-08-11,LLL
4.105119635390059,4.107260787488647,4.106602459617603,4.0933440618885175,4.089499510558901,-1,2017-08-18,2017-08-11,PLD
4.644583188344926,4.647846460268528,4.654817125877505,4.648995665528121,4.644583188344926,-1,2017-08-18,2017-08-11,MAA
4.389250479763201,4.386143150185721,4.379523504455763,4.36792771029438,4.382276603429089,-1,2017-08-18,2017-08-11,ABC
4.338466519921502,4.350277936359301,4.341334840010591,4.341725337900356,4.333361462692601,-1,2017-08-18,2017-08-11,ETR
5.1703703522174145,5.168379509433644,5.182232887527235,5.166841003759651,5.161236825999669,-1,2017-08-18,2017-08-11,CI
4.14059181338742,4.132282401562493,4.135006543940991,4.130033404630607,4.133244711179657,-1,2017-08-18,2017-08-11,MRK
3.481547734315814,3.475376779836407,3.475067230228611,3.448080967561006,3.4550540544528663,-1,2017-08-18,2017-08-11,XRX
3.7584055167625467,3.7546671946519394,3.7381456954168546,3.7040143416982065,3.7049988359938197,-1,2017-08-18,2017-08-11,SCHW
5.181502611956201,5.17411376308873,5.174453379325651,5.168550308488971,5.176319209737187,-1,2017-08-18,2017-08-11,WAT
3.6778185067545115,3.677565694213663,3.702289141023854,3.6816030451431603,3.7419461750506287,-1,2017-08-18,2017-08-11,TRIP
6.8422883269859875,6.839883207735302,6.849543369233723,6.834517697159598,6.848270632147245,-1,2017-08-18,2017-08-11,ISRG
5.519939761490308,5.522340530889254,5.541106670109081,5.528118705526313,5.521420917062225,-1,2017-08-18,2017-08-11,HUM
4.505902184329423,4.4996985530458575,4.493008819099761,4.491553459201124,4.491105229700119,-1,2017-08-18,2017-08-11,FIS
4.52189726679427,4.507336825639328,4.516120369154581,4.478926459413841,4.503580330226458,-1,2017-08-18,2017-08-11,KLAC
4.050915004294764,4.048300623720694,4.051437061210824,4.043402083484526,4.033886593184986,-1,2017-08-18,2017-08-11,O
4.473465694990663,4.475061500641071,4.468892167695464,4.463952184072554,4.461992416311763,-1,2017-08-18,2017-08-11,SNI
4.282206299391671,4.287578583130166,4.28317268312119,4.268437915561019,4.283586561860629,-1,2017-08-18,2017-08-11,MSFT
3.4781584227982836,3.4701013603093664,3.4682327829983137,3.458207636378935,3.4534735262275262,-1,2017-08-18,2017-08-11,DVN
4.121635422458004,4.139636551413807,4.138520924554929,4.128262780425561,4.1420229975388425,-1,2017-08-18,2017-08-11,EQT
6.058819411126215,6.061037250459942,6.066896642223835,6.0466390498526374,6.050110742540715,-1,2017-08-18,2017-08-11,BLK
3.9678360702473587,3.9632862993656874,3.9518204753022124,3.9611940494345954,3.9856451452987596,-1,2017-08-18,2017-08-11,MNST
4.869302117979612,4.868072767075649,4.866379938108757,4.8364406245139095,4.833341079016327,-1,2017-08-18,2017-08-11,WYNN
4.275554390163365,4.275832438267478,4.266054458421461,4.257030144499196,4.254193263163997,-1,2017-08-18,2017-08-11,HCN
5.006024681538572,5.00085428224115,5.005890723065499,4.999439521335521,4.986615788252036,-1,2017-08-18,2017-08-11,CB
4.870453263496393,4.8663029232063355,4.865378281439117,4.84944880983226,4.856317933711899,-1,2017-08-18,2017-08-11,MA
4.468777561082536,4.464412748271829,4.463952184072554,4.448633328167864,4.44323931884187,-1,2017-08-18,2017-08-11,DOV
2.5862591440482876,2.5915163848462583,2.5779415157551897,2.550226115908643,2.543175557911976,-1,2017-08-18,2017-08-11,HBAN
2.930660276810276,2.9019708937395166,2.8887037007954675,2.8808824318750488,2.8820035082256483,-1,2017-08-18,2017-08-11,HST
3.8234103470715426,3.8245024078986507,3.8130862575681226,3.7941399647714293,3.786686514116848,-1,2017-08-18,2017-08-11,ZION
2.3204250111223765,2.321406847234633,2.318458442150336,2.3194422100604686,2.316487998163037,-1,2017-08-18,2017-08-11,SPLS
2.856470206220483,2.859912550411456,2.851861903134289,2.8326249356838407,2.822568654544802,-1,2017-08-18,2017-08-11,PBCT
3.8567216896430567,3.855875844805145,3.858622228701031,3.8353579204926604,3.8366526984033693,-1,2017-08-18,2017-08-11,AKAM
3.4635460067266908,3.4496700351129332,3.461978853922014,3.4262151446374434,3.418054498728578,-1,2017-08-18,2017-08-11,CF
4.397899983830172,4.401706705440709,4.401951803481151,4.390242789445222,4.387014176184921,-1,2017-08-18,2017-08-11,WMT
4.32267464022361,4.322011202263895,4.32055008757213,4.314951565884313,4.312274546483423,-1,2017-08-18,2017-08-11,WM
4.014579593753238,4.0239220979255546,4.0260657214688065,4.00369019395397,4.017463517886143,-1,2017-08-18,2017-08-11,ROST
5.048829839894225,5.048252157667562,5.0447146077491185,5.006894974480533,5.038639490505853,-1,2017-08-18,2017-08-11,LRCX
4.757719584448376,4.754968551076486,4.755829062273205,4.737338149565509,4.740574822994295,-1,2017-08-18,2017-08-11,EW
3.414442608412176,3.4249139082794713,3.4094961844768505,3.3782698770184507,3.374168709274236,-1,2017-08-18,2017-08-11,SYF
4.087991088249925,4.085640121591954,4.088829381533991,4.060787778693258,4.061132428015987,-1,2017-08-18,2017-08-11,PYPL
3.888549649242504,3.9128226855987105,3.9080149840306073,3.893655348069961,3.8979240810486444,-1,2017-08-18,2017-08-11,FL
4.324529928325356,4.327438444389479,4.316420877575887,4.291554731509806,4.297285406218791,-1,2017-08-18,2017-08-11,DLTR
3.188416617383492,3.190476350346503,3.1612467120315646,3.1354942159291497,3.1315734964654043,-1,2017-08-18,2017-08-11,DISCA
4.876036665511311,4.885525483053412,4.880754373241736,4.859734881977045,4.852420812645534,-1,2017-08-18,2017-08-11,PNC
4.7686486549805664,4.785823685681349,4.791566761935185,4.764820003517629,4.764052511048283,-1,2017-08-18,2017-08-11,RCL
3.263084079532521,3.246880021277798,3.241028629509334,3.2260500286162013,3.20761263258949,-1,2017-08-18,2017-08-11,LUK
3.5882300459640066,3.576270509731282,3.586292865338835,3.5956670723917576,3.5981338408071912,-1,2017-08-18,2017-08-11,NEM
4.036185648048568,4.020518601581445,4.01620282433781,3.9738704087542263,3.979494720543159,-1,2017-08-18,2017-08-11,TSCO
4.358630056867486,4.483341477622957,4.466482666214198,4.428910220572732,4.428194315518889,-1,2017-08-18,2017-08-11,RL
4.869225327808716,4.856551278713541,4.858726543710496,4.849057098440201,4.847645665601793,-1,2017-08-18,2017-08-11,PX
4.164647686064525,4.167440117292651,4.185555442275485,4.176845783733844,4.174541104216377,-1,2017-08-18,2017-08-11,ICE
4.163559631243574,4.170224772557419,4.1661999993225285,4.169142772297287,4.1563799531415535,-1,2017-08-18,2017-08-11,WEC
3.7579389900454307,3.752323626670471,3.7462045207332055,3.7314599016490546,3.721588628523641,-1,2017-08-18,2017-08-11,HES
6.29463849832768,6.274705522470772,6.278821566735817,6.2643882485842175,6.2802834730968256,-1,2017-08-18,2017-08-11,AZO
4.548070593947519,4.547011271814559,4.5462690780679305,4.52720864451838,4.522657764413627,-1,2017-08-18,2017-08-11,STT
4.507116245512703,4.509870006133767,4.523634698005573,4.522874943261261,4.550714000192032,-1,2017-08-18,2017-08-11,JBHT
3.6681664125163946,3.66842161221154,3.667400422436812,3.658677945380815,3.6653549090669792,-1,2017-08-18,2017-08-11,FLR
2.5974910105351463,2.5733752977756086,2.551786178627545,2.4948569806411682,2.503891949699081,-1,2017-08-18,2017-08-11,AMD
5.5166895529833555,5.524017646643936,5.533705644278683,5.508861882285731,5.5256521224807145,-1,2017-08-18,2017-08-11,ULTA
5.120326419114528,5.103457533055977,5.112590016619249,5.09693530701534,5.098768264087456,-1,2017-08-18,2017-08-11,GWW
3.190064743014081,3.2035591207563074,3.1908877883280318,3.175968323856924,3.175132901920282,-1,2017-08-18,2017-08-11,HBI
3.420346200500916,3.4265401893339504,3.40684805317097,3.4035279970004377,3.422958873443668,-1,2017-08-18,2017-08-11,VIAB
5.043231549799244,5.0429088546465515,5.0429088546465515,5.053822489322791,5.058154810064233,-1,2017-08-18,2017-08-11,MCD
3.125882958019036,3.113959654918641,3.092858984284714,3.070839746040796,3.054001181677967,-1,2017-08-18,2017-08-11,GGP
2.8535925063928684,2.831447079246135,2.8231630082027146,2.8284963541780774,2.821973947420524,-1,2017-08-18,2017-08-11,RRC
3.232384174892993,3.218475744846861,3.204776900488699,3.1788868166518376,3.177637076851603,-1,2017-08-18,2017-08-11,ARNC
3.5322256440685598,3.51631018876266,3.5148236417370144,3.51631018876266,3.526654599019104,-1,2017-08-18,2017-08-11,HRL
4.355040769588895,4.343805421853684,4.338466519921502,4.333755086000182,4.334803991301542,-1,2017-08-18,2017-08-11,EXR
5.1142142236716515,5.100415057787059,5.096262380063693,5.082335608261447,5.061898588033797,-1,2017-08-18,2017-08-11,SPG
1.4701758451005926,1.4816045409242156,1.4747630091074988,1.4206957878372228,1.4206957878372228,-1,2017-08-18,2017-08-11,CHK
5.942851867187289,5.965505507937886,5.993712019648461,5.988159090099256,5.977593791422191,-1,2017-08-18,2017-08-11,CHTR
4.484018984423941,4.485598050847247,4.480966582528785,4.488299234256676,4.483341477622957,-1,2017-08-18,2017-08-11,PNW
3.2718477096343066,3.2703291064571163,3.2726061472891685,3.2722270003651954,3.2714682749873716,-1,2017-08-18,2017-08-11,NI
3.7839623353606284,3.77597416096487,3.772071045000701,3.7674595542367935,3.774827766250301,-1,2017-08-18,2017-08-11,MDLZ
3.459151774922711,3.4641721808235437,3.4534735262275262,3.4669851222001586,3.471034341250935,-1,2017-08-18,2017-08-11,FE
5.047802618437695,5.05790048656337,5.038704314023848,5.0177433055556335,5.010568625207268,-1,2017-08-18,2017-08-11,MCK
3.459151774922711,3.443298557680791,3.4278393126085764,3.4127965175055075,3.410817625039146,-1,2017-08-18,2017-08-11,NOV
5.046581420869725,5.041940143924668,5.040258819162327,5.017677108885302,5.030568631803706,-1,2017-08-18,2017-08-11,IDXX
4.032114485685967,4.021415382199343,4.021236090401462,4.030516899475935,4.035832291154432,-1,2017-08-18,2017-08-11,GIS
4.3678009274099,4.36906803350949,4.356452383554451,4.341595188879544,4.357221515754911,-1,2017-08-18,2017-08-11,ADI
4.630545492319319,4.635311342900078,4.642176911617187,4.631714741210204,4.640247712600788,-1,2017-08-18,2017-08-11,UNP
4.761831996001468,4.757891273005756,4.7545380176389145,4.736110725248687,4.748837535800504,-1,2017-08-18,2017-08-11,EA
4.370965687314457,4.36398994718773,4.374876130645041,4.371218435957278,4.37462430490712,-1,2017-08-18,2017-08-11,CVS
4.537640529194492,4.5424433560797866,4.530446639792155,4.512506501124672,4.525477417078843,-1,2017-08-18,2017-08-11,DLPH
4.203198967134183,4.174694914875759,4.169142772297287,4.172385267224964,4.182813210209709,-1,2017-08-18,2017-08-11,TSN
5.004751350937281,4.983058526326021,4.996536369716754,4.966683406567073,4.973348709310239,-1,2017-08-18,2017-08-11,EXPE
4.505349850705881,4.502694394398855,4.501142115564043,4.473123405067759,4.480626850913491,-1,2017-08-18,2017-08-11,CRM
3.9716117968398037,3.96176509732296,3.965753327849114,3.955274047422461,3.959097412814075,-1,2017-08-18,2017-08-11,OKE
2.811208293204836,2.845490610223448,2.843163674909384,2.822568654544802,2.8213788864092133,-1,2017-08-18,2017-08-11,UA
4.808682295353074,4.802298250099019,4.805577210328431,4.80172332502877,4.806313497022634,-1,2017-08-18,2017-08-11,SJM
4.903866379702973,4.90260454988255,4.939354092091292,4.918885435486688,4.908085639080461,-1,2017-08-18,2017-08-11,IFF
3.9943400479173596,3.9969154724461085,3.9919426286040194,3.9733062338450447,3.9749978045895347,-1,2017-08-18,2017-08-11,LEN
4.929642134886724,4.912948960138995,4.918885435486688,4.88507207112091,4.889822673879508,-1,2017-08-18,2017-08-11,ALXN
3.8776385785663154,3.86974161317154,3.863882630100211,3.835141961092188,3.8210036070409776,-1,2017-08-18,2017-08-11,MS
4.882423062949333,4.877027708092901,4.885525483053412,4.869302117979612,4.866071842904903,-1,2017-08-18,2017-08-11,ECL
4.478472532942134,4.471638793363569,4.468892167695464,4.442415934686665,4.443709519861466,-1,2017-08-18,2017-08-11,IR
4.375002019736917,4.379398183320189,4.375127892982725,4.3778931033922746,4.376134308969044,-1,2017-08-18,2017-08-11,EIX
4.901192382714874,4.893277168152952,4.892602227184663,4.873745888700135,4.870069695542629,-1,2017-08-18,2017-08-11,CTAS
4.140432666414855,4.131961425793407,4.1330843905380314,4.119362325197389,4.120174738923119,-1,2017-08-18,2017-08-11,PNR
4.42484663185681,4.431530829576971,4.421968241766829,4.426521874560433,4.417273114860951,-1,2017-08-18,2017-08-11,ED
5.339315345582109,5.332718793265369,5.328749573668238,5.315911674948988,5.3223756316411075,-1,2017-08-18,2017-08-11,FDX
5.304001183016334,5.292299294222474,5.303304908059076,5.289680173152373,5.287711320760812,-1,2017-08-18,2017-08-11,GD
5.032722890560261,5.032722890560261,5.045101130977534,5.0361730778840945,5.042650623528266,-1,2017-08-18,2017-08-11,HD
4.132282401562493,4.130997879870137,4.11414718951828,4.09933210373314,4.107918682249219,-1,2017-08-18,2017-08-11,ESRX
4.123255905716521,4.118711918670395,4.112020747235043,4.090671156855792,4.09551054886207,-1,2017-08-18,2017-08-11,BBY
5.485709380155097,5.4795550027789535,5.472144615306285,5.4475990692637914,5.450523299437368,-1,2017-08-18,2017-08-11,AGN
5.213793801477383,5.1591702351378785,5.13373749123024,5.119908146573998,5.139204394890964,-1,2017-08-18,2017-08-11,HSIC
3.408834808791367,3.4114776910697118,3.4307561839036995,3.421979920844684,3.4242626545931514,-1,2017-08-18,2017-08-11,HRB
4.442415934686665,4.438170645291922,4.426043520090656,4.397407736712184,4.409276949164042,-1,2017-08-18,2017-08-11,MCHP
3.8922283780999667,3.8905950580145254,3.8891637112820634,3.8832119235740263,3.8768102496724017,-1,2017-08-18,2017-08-11,L
4.356452383554451,4.356324137321509,4.362971228138722,4.353755752706852,4.356324137321509,-1,2017-08-18,2017-08-11,APH
2.9079933592459843,2.9096295745005794,2.8970163006148333,2.8690346205080335,2.8633430855082453,-1,2017-08-18,2017-08-11,KEY
3.342508385313476,3.34109345759245,3.3439213138424253,3.3120018028576843,3.3109079103146946,-1,2017-08-18,2017-08-11,JNPR
3.8541820057382963,3.8590440806372595,3.8582001987306396,3.860308569741467,3.8567216896430567,-1,2017-08-18,2017-08-11,CMS
4.219507705176107,4.219948784356969,4.221857882521061,4.2103482379784065,4.211831257677767,-1,2017-08-18,2017-08-11,CCL
3.9604321446358335,3.9527809979003137,3.938080539747436,3.9292733588346738,3.9431340004531985,-1,2017-08-18,2017-08-11,SYY
3.9531649487593215,3.946617650192645,3.956613888756021,3.937495801401177,3.935934825474459,-1,2017-08-18,2017-08-11,GRMN
4.12260802749496,4.041295341132285,4.038126882223872,4.069026754237811,4.059925635351641,-1,2017-08-18,2017-08-11,BHF
3.95718755738252,3.991203803302587,3.9930498440705193,3.9642358768750805,3.9623358193017353,-1,2017-08-18,2017-08-11,JEC
3.7832801295354206,3.7819143200811256,3.779862101825807,3.7383836490170252,3.7630588522881876,-1,2017-08-18,2017-08-11,AMAT
4.6958332208853335,4.694919478131699,4.692997896353612,4.664664757773731,4.676001366748682,-1,2017-08-18,2017-08-11,AAP
4.437934266612178,4.435211888177536,4.438052462936409,4.419442836059304,4.415582293202092,-1,2017-08-18,2017-08-11,FMC
4.318154558079471,4.309455941839047,4.3056854014171595,4.28524036598619,4.2844138058068815,-1,2017-08-18,2017-08-11,RMD
4.231203744939298,4.23642266081509,4.234975691961846,4.216119619148022,4.232656178019613,-1,2017-08-18,2017-08-11,QRVO
3.793014218845944,3.786913194385302,3.774598329516474,3.7520889675118205,3.746912485364546,-1,2017-08-18,2017-08-11,APA
3.286908235260028,3.277522020300934,3.279782759771722,3.26804686887465,3.273742726309041,-1,2017-08-18,2017-08-11,BSX
4.126650396974016,4.127134385045092,4.098502572370764,4.019082077721554,4.034948352265444,-1,2017-08-18,2017-08-11,SIG
4.149148354262775,4.145671189387441,4.135006543940991,4.120661870539474,4.128907006571212,-1,2017-08-18,2017-08-11,CERN
4.5435075255959845,4.539884719289462,4.53828224044646,4.523851664810503,4.515464272903598,-1,2017-08-18,2017-08-11,JPM
3.179719109667007,3.201933104137889,3.1684242813721024,3.1376657694426577,3.1419947805322432,-1,2017-08-18,2017-08-11,GPS
3.8918202981106265,3.894266283838887,3.888754378488792,3.887935209899056,3.8799129515099127,-1,2017-08-18,2017-08-11,SO
5.007831366763521,5.008366054652212,5.005555748352958,4.997009550514443,5.004885462115649,-1,2017-08-18,2017-08-11,WLTW
4.554403068934438,4.532707014254376,4.561845061249718,4.55597994179732,4.575020209037208,-1,2017-08-18,2017-08-11,MKC
5.149527292962874,5.1375615876686425,5.14813380728189,5.1043684735131025,5.049599564114397,-1,2017-08-18,2017-08-11,NVDA
3.85925493988949,3.8372994592322094,3.8390221125436557,3.8375149532530846,3.8325468039263493,-1,2017-08-18,2017-08-11,HP
3.755135249891002,3.7537304264335525,3.743367639398006,3.720378121173307,3.725452434344777,-1,2017-08-18,2017-08-11,NTAP
5.366022742902049,5.3464882914093295,5.351621138570348,5.33170378556567,5.321887398060469,-1,2017-08-18,2017-08-11,MLM
4.237578730308009,4.239021940256878,4.222884350827332,4.209308814022622,4.204394067366058,-1,2017-08-18,2017-08-11,CAH
5.196450740144466,5.201586177588265,5.195896968948567,5.167183098523235,5.166099396720328,-1,2017-08-18,2017-08-11,AMG
4.675162557808126,4.676187673223372,4.671425981765156,4.657477965611436,4.678327706605818,-1,2017-08-18,2017-08-11,UHS
4.089834406744215,4.089666972670989,4.0946778400122215,4.089499510558901,4.091674333666222,-1,2017-08-18,2017-08-11,BAX
4.7410987032123355,4.734178866551625,4.739788487712852,4.726059503263545,4.716890435598499,-1,2017-08-18,2017-08-11,DLR
3.7628266990660193,3.7492687541267204,3.763522997109702,3.7462045207332055,3.7520889675118205,-1,2017-08-18,2017-08-11,FAST
4.720015577657132,4.686842334632116,4.697384669975903,4.690430029938915,4.689603241962921,-1,2017-08-18,2017-08-11,ADP
4.690705474094354,4.695010889987881,4.687026632457924,4.691898189497915,4.680926798387338,-1,2017-08-18,2017-08-11,DTE
4.436159643253809,4.432244350834499,4.433907256550871,4.421848128860553,4.421367532912338,-1,2017-08-18,2017-08-11,EMN
3.7177098357818132,3.7157647828953184,3.6958550678503617,3.6901286735143684,3.6928714753834737,-1,2017-08-18,2017-08-11,BLL
4.765416535130188,4.761233321619679,4.775334812511415,4.772631879875022,4.773815311965802,-1,2017-08-18,2017-08-11,HRS
4.156223299267966,4.145671189387441,4.138999202762532,4.123417809707808,4.133885736842633,-1,2017-08-18,2017-08-11,XLNX
3.2402458506043934,3.234355395716587,3.2300135692786567,3.2156706939192525,3.204776900488699,-1,2017-08-18,2017-08-11,NYSE:NBL
4.576462021851348,4.562262684976814,4.558078578454241,4.541484634301958,4.54775291511814,-1,2017-08-18,2017-08-11,ANDV
4.838264068155469,4.8064770426931265,4.788324729085938,4.763113664054046,4.761489940243045,-1,2017-08-18,2017-08-11,IT
4.117246955439405,4.1264890155486675,4.115127101404629,4.096009841541162,4.088326489896538,-1,2017-08-18,2017-08-11,DFS
4.666735541646246,4.672641901103104,4.6330771392411,4.618579872898009,4.624874769262426,-1,2017-08-18,2017-08-11,DIS
5.110902862688072,5.109575241951159,5.109816758677367,5.088891792062023,5.085495364305698,-1,2017-08-18,2017-08-11,ROK
4.752382565668478,4.742058438050213,4.748491005432314,4.738126413236717,4.743888105299914,-1,2017-08-18,2017-08-11,PM
4.7660127111049215,4.764393691536069,4.765075703497714,4.761660982747524,4.758320365481766,-1,2017-08-18,2017-08-11,MON
3.3470931226689546,3.358289880650879,3.3506055955460954,3.3414473772563813,3.3414473772563813,-1,2017-08-18,2017-08-11,DRE
3.724487881581304,3.714303506454095,3.720620339897999,3.701548857214599,3.6893793291555874,-1,2017-08-18,2017-08-11,HAL
3.9725535051681784,3.9738704087542263,3.974622147184666,3.958524839079566,3.952204795060978,-1,2017-08-18,2017-08-11,USB
4.742407204293176,4.739788487712852,4.7391764658358255,4.728714372079547,4.726059503263545,-1,2017-08-18,2017-08-11,CAT
4.81014976667463,4.8118590992303405,4.801312461799358,4.7980194646687,4.7879083226672625,-1,2017-08-18,2017-08-11,BXP
4.233236561088719,4.237723145067448,4.234396317669857,4.235988789957173,4.234396317669857,-1,2017-08-18,2017-08-11,PCG
4.698842661850726,4.685366727982368,4.67702562308852,4.653769855824153,4.682223815430383,-1,2017-08-18,2017-08-11,ADSK
5.067708519122555,5.075673690275478,5.081776966367399,5.045487504863466,5.0592984660755365,-1,2017-08-18,2017-08-11,AAPL
2.513656063073986,2.5152741864043966,2.501435951739211,2.489064659936664,2.4948569806411682,-1,2017-08-18,2017-08-11,MRO
4.124388683570477,4.116595171156921,4.121635422458004,4.116432158686106,4.113002744040634,-1,2017-08-18,2017-08-11,OXY
5.14737819098275,5.14300768200088,5.142715634453464,5.120386158055375,5.124440056536745,-1,2017-08-18,2017-08-11,FB
4.860354892847096,4.8496837630384935,4.852186501713858,4.843478173822073,4.850153503906757,-1,2017-08-18,2017-08-11,MCO
4.3651347670036635,4.344584339198011,4.318287793706875,4.268857936568244,4.2631023230097185,-1,2017-08-18,2017-08-11,SRCL
4.2581626474514955,4.269697449699962,4.26633516017769,4.252202646837681,4.263665306838804,-1,2017-08-18,2017-08-11,TJX
2.9210087273580543,2.9575110607337933,2.9496883350525844,2.9290581402859983,2.920469789053444,-1,2017-08-18,2017-08-11,UAA
2.6946271807700692,2.681021528714291,2.6775909936175015,2.6390573296152584,2.624668592163159,-1,2017-08-18,2017-08-11,NWS
